{"cameraMode":{"drawMode":0,"name":"Shaded","section":"Shading Mode"},"sceneLighting":true,"audioPlay":false,"sceneViewState":{"showFog":true,"showMaterialUpdate":true,"showSkybox":true,"showFlares":true,"showImageEffects":true,"showParticleSystems":true},"in2DMode":false,"pivot":{"x":2.7775187492370607,"y":1.4292168617248536,"z":-2.0240061283111574},"rotation":{"x":0.10657092928886414,"y":-0.23228582739830018,"z":0.025611557066440584,"w":0.9664523005485535},"size":4.239846706390381,"orthographic":false}