{"cameraMode":{"drawMode":0,"name":"Shaded","section":"Shading Mode"},"sceneLighting":true,"audioPlay":false,"sceneViewState":{"showFog":true,"showMaterialUpdate":true,"showSkybox":true,"showFlares":true,"showImageEffects":true,"showParticleSystems":true},"in2DMode":false,"pivot":{"x":-0.22264492511749268,"y":0.9442505836486816,"z":-1.2678065299987794},"rotation":{"x":-0.18981114029884339,"y":0.16677109897136689,"z":-0.03273269906640053,"w":-0.966999351978302},"size":5.445234775543213,"orthographic":false}